student_id,first_name,middle_name,last_name,course,year_level,section,email
2026-002001,Francisco,Gomez,Stevens,BSBA,"2nd Year",C2,francisco.stevens2001@zdspgc.edu.ph
2026-002002,Paola,Stevens,Rivera,BSIT,"4th Year",A,paola.rivera2002@zdspgc.edu.ph
2026-002003,Javier,Payne,Reynolds,BSIT,"4th Year",C,javier.reynolds2003@zdspgc.edu.ph
2026-002004,Silvia,Hernandez,Hunter,BSBA,"3rd Year",B,silvia.hunter2004@zdspgc.edu.ph
2026-002005,Sebastian,Elliott,"Dela Cruz",BSHM,"1st Year",C2,sebastian.delacruz2005@zdspgc.edu.ph
2026-002006,Paula,Howard,Bryant,BSBA,"2nd Year",C1,paula.bryant2006@zdspgc.edu.ph
2026-002007,Lucas,Martinez,Hudson,BSHM,"1st Year",C2,lucas.hudson2007@zdspgc.edu.ph
2026-002008,Clara,Holmes,Berry,BEED,"2nd Year",C1,clara.berry2008@zdspgc.edu.ph
2026-002009,Marco,Duncan,Knight,BSA,"4th Year",C,marco.knight2009@zdspgc.edu.ph
2026-002010,Paula,Ford,Cunningham,BSIT,"1st Year",B,paula.cunningham2010@zdspgc.edu.ph
2026-002011,Beatriz,Riley,Stevens,BEED,"1st Year",B,beatriz.stevens2011@zdspgc.edu.ph
2026-002012,Julia,Hicks,Castillo,BSHM,"2nd Year",B,julia.castillo2012@zdspgc.edu.ph
2026-002013,Silvia,Matthews,Russell,BSED,"3rd Year",C1,silvia.russell2013@zdspgc.edu.ph
2026-002014,Federico,Morgan,Harper,BSBA,"1st Year",B,federico.harper2014@zdspgc.edu.ph
2026-002015,Carmen,Arnold,Kennedy,BSA,"3rd Year",B,carmen.kennedy2015@zdspgc.edu.ph
2026-002016,Maria,Riley,Boyd,BSIT,"1st Year",C2,maria.boyd2016@zdspgc.edu.ph
2026-002017,Santiago,Perez,Palmer,BSHM,"3rd Year",B,santiago.palmer2017@zdspgc.edu.ph
2026-002018,Lucia,Richardson,Reyes,BSCrim,"2nd Year",C2,lucia.reyes2018@zdspgc.edu.ph
2026-002019,Daniela,Campbell,Martin,BSBA,"1st Year",C1,daniela.martin2019@zdspgc.edu.ph
2026-002020,Diana,Schmidt,Ford,BSBA,"1st Year",C,diana.ford2020@zdspgc.edu.ph
2026-002021,Santiago,Wallace,Wagner,BSCrim,"3rd Year",A,santiago.wagner2021@zdspgc.edu.ph
2026-002022,Gustavo,Lewis,Elliott,BSED,"2nd Year",C,gustavo.elliott2022@zdspgc.edu.ph
2026-002023,Manuel,Cole,Harrison,BSCrim,"4th Year",A,manuel.harrison2023@zdspgc.edu.ph
2026-002024,Monica,Campbell,Fox,BSIT,"4th Year",A,monica.fox2024@zdspgc.edu.ph
2026-002025,Isabella,Martin,Arnold,BSHM,"1st Year",C,isabella.arnold2025@zdspgc.edu.ph
2026-002026,Nicolas,Nichols,Warren,BSCrim,"4th Year",B,nicolas.warren2026@zdspgc.edu.ph
2026-002027,Carlos,Perez,Jenkins,BEED,"4th Year",C1,carlos.jenkins2027@zdspgc.edu.ph
2026-002028,Jose,Rogers,Turner,BSBA,"2nd Year",A,jose.turner2028@zdspgc.edu.ph
2026-002029,Clara,James,Ross,BSBA,"2nd Year",C,clara.ross2029@zdspgc.edu.ph
2026-002030,Federico,Cox,Andrews,BSBA,"1st Year",C,federico.andrews2030@zdspgc.edu.ph
2026-002031,Daniela,Matthews,Campbell,BSED,"3rd Year",A,daniela.campbell2031@zdspgc.edu.ph
2026-002032,Elena,Webb,Payne,BEED,"2nd Year",B,elena.payne2032@zdspgc.edu.ph
2026-002033,Maria,Cook,Patterson,BSCrim,"3rd Year",C1,maria.patterson2033@zdspgc.edu.ph
2026-002034,Valentina,Young,Porter,BSBA,"4th Year",C2,valentina.porter2034@zdspgc.edu.ph
2026-002035,Francisco,Wallace,Bryant,BSIT,"2nd Year",C,francisco.bryant2035@zdspgc.edu.ph
2026-002036,Alberto,Carroll,Gonzalez,BSCrim,"3rd Year",C,alberto.gonzalez2036@zdspgc.edu.ph
2026-002037,Laura,Gonzalez,Berry,BSHM,"2nd Year",C1,laura.berry2037@zdspgc.edu.ph
2026-002038,Paola,Ray,Torres,BSA,"1st Year",C2,paola.torres2038@zdspgc.edu.ph
2026-002039,Carolina,Young,Berry,BSBA,"3rd Year",B,carolina.berry2039@zdspgc.edu.ph
2026-002040,Manuel,Anderson,Hamilton,BEED,"2nd Year",C2,manuel.hamilton2040@zdspgc.edu.ph
2026-002041,Silvia,Powell,Carroll,BEED,"3rd Year",C,silvia.carroll2041@zdspgc.edu.ph
2026-002042,Carolina,Peterson,Burns,BSCrim,"2nd Year",C,carolina.burns2042@zdspgc.edu.ph
2026-002043,Beatriz,Tucker,Ellis,BSA,"3rd Year",C2,beatriz.ellis2043@zdspgc.edu.ph
2026-002044,Manuel,Watkins,Gordon,BEED,"3rd Year",B,manuel.gordon2044@zdspgc.edu.ph
2026-002045,Pedro,Henry,Thomas,BSBA,"1st Year",C,pedro.thomas2045@zdspgc.edu.ph
2026-002046,Isabella,Hughes,Brooks,BSED,"1st Year",C,isabella.brooks2046@zdspgc.edu.ph
2026-002047,Fernando,Thompson,Cunningham,BSBA,"1st Year",B,fernando.cunningham2047@zdspgc.edu.ph
2026-002048,Fernando,Gomez,Ross,BSHM,"3rd Year",A,fernando.ross2048@zdspgc.edu.ph
2026-002049,Sebastian,Dunn,Ramos,BSCrim,"2nd Year",B,sebastian.ramos2049@zdspgc.edu.ph
2026-002050,Monica,Rice,Fox,BSA,"4th Year",A,monica.fox2050@zdspgc.edu.ph
2026-002051,Diana,Harris,Armstrong,BSED,"3rd Year",C2,diana.armstrong2051@zdspgc.edu.ph
2026-002052,Hugo,Reynolds,Holmes,BSED,"1st Year",B,hugo.holmes2052@zdspgc.edu.ph
2026-002053,Sofia,Rivera,Duncan,BSBA,"4th Year",B,sofia.duncan2053@zdspgc.edu.ph
2026-002054,Andrea,Lewis,Hall,BSCrim,"4th Year",A,andrea.hall2054@zdspgc.edu.ph
2026-002055,Carmen,Arnold,White,BEED,"4th Year",B,carmen.white2055@zdspgc.edu.ph
2026-002056,Monica,Vasquez,Porter,BEED,"2nd Year",B,monica.porter2056@zdspgc.edu.ph
2026-002057,Carmen,Owens,Lewis,BSIT,"2nd Year",B,carmen.lewis2057@zdspgc.edu.ph
2026-002058,Lucia,Sullivan,Warren,BSBA,"1st Year",C,lucia.warren2058@zdspgc.edu.ph
2026-002059,Silvia,Coleman,Perez,BEED,"1st Year",C1,silvia.perez2059@zdspgc.edu.ph
2026-002060,Gabriela,Perkins,Baker,BSCrim,"4th Year",C1,gabriela.baker2060@zdspgc.edu.ph
2026-002061,Julia,Austin,Ramos,BSA,"3rd Year",B,julia.ramos2061@zdspgc.edu.ph
2026-002062,David,Harper,Lane,BSED,"4th Year",C2,david.lane2062@zdspgc.edu.ph
2026-002063,Francisco,Lane,Stevens,BSBA,"2nd Year",A,francisco.stevens2063@zdspgc.edu.ph
2026-002064,Isabella,Palmer,Rodriguez,BEED,"1st Year",C1,isabella.rodriguez2064@zdspgc.edu.ph
2026-002065,Sofia,Collins,Sullivan,BSCrim,"1st Year",C1,sofia.sullivan2065@zdspgc.edu.ph
2026-002066,Paula,Evans,Stewart,BSIT,"3rd Year",C,paula.stewart2066@zdspgc.edu.ph
2026-002067,Clara,Reed,Dunn,BSBA,"4th Year",B,clara.dunn2067@zdspgc.edu.ph
2026-002068,Christian,Perez,Grant,BEED,"1st Year",C1,christian.grant2068@zdspgc.edu.ph
2026-002069,Gustavo,Alexander,Garcia,BSA,"4th Year",C2,gustavo.garcia2069@zdspgc.edu.ph
2026-002070,Carmen,Cooper,West,BEED,"4th Year",A,carmen.west2070@zdspgc.edu.ph
2026-002071,Alberto,Patterson,Arnold,BEED,"2nd Year",A,alberto.arnold2071@zdspgc.edu.ph
2026-002072,David,Barnes,Allen,BSED,"2nd Year",C,david.allen2072@zdspgc.edu.ph
2026-002073,Patricia,Campbell,Murphy,BSCrim,"2nd Year",C1,patricia.murphy2073@zdspgc.edu.ph
2026-002074,Rosa,Ruiz,Robinson,BSED,"1st Year",A,rosa.robinson2074@zdspgc.edu.ph
2026-002075,Daniela,Ellis,Crawford,BSED,"4th Year",C1,daniela.crawford2075@zdspgc.edu.ph
2026-002076,Felipe,Barnes,Long,BSHM,"3rd Year",C,felipe.long2076@zdspgc.edu.ph
2026-002077,Camila,Lawson,Peters,BSA,"3rd Year",C1,camila.peters2077@zdspgc.edu.ph
2026-002078,Mariana,Bradley,Edwards,BSHM,"1st Year",A,mariana.edwards2078@zdspgc.edu.ph
2026-002079,Andres,Ramos,Young,BEED,"2nd Year",C1,andres.young2079@zdspgc.edu.ph
2026-002080,Andrea,Sullivan,Barnes,BSED,"4th Year",C2,andrea.barnes2080@zdspgc.edu.ph
2026-002081,Clara,Gonzales,Ortiz,BSIT,"2nd Year",C2,clara.ortiz2081@zdspgc.edu.ph
2026-002082,Daniela,Gomez,Cook,BEED,"1st Year",A,daniela.cook2082@zdspgc.edu.ph
2026-002083,Sebastian,Thomas,Carter,BSCrim,"4th Year",A,sebastian.carter2083@zdspgc.edu.ph
2026-002084,Mariana,Wagner,Griffin,BSHM,"4th Year",A,mariana.griffin2084@zdspgc.edu.ph
2026-002085,Valentina,Riley,Torres,BSA,"1st Year",A,valentina.torres2085@zdspgc.edu.ph
2026-002086,Adrian,Collins,Bradley,BSIT,"1st Year",C,adrian.bradley2086@zdspgc.edu.ph
2026-002087,Mariana,Chavez,Franklin,BEED,"3rd Year",B,mariana.franklin2087@zdspgc.edu.ph
2026-002088,Antonio,Flores,Hayes,BSIT,"2nd Year",C,antonio.hayes2088@zdspgc.edu.ph
2026-002089,Monica,Rice,Butler,BSCrim,"2nd Year",C2,monica.butler2089@zdspgc.edu.ph
2026-002090,Juan,Hughes,Price,BEED,"1st Year",C1,juan.price2090@zdspgc.edu.ph
2026-002091,Paola,Molina,Pierce,BSHM,"1st Year",C2,paola.pierce2091@zdspgc.edu.ph
2026-002092,Pedro,Cole,Green,BSBA,"2nd Year",C1,pedro.green2092@zdspgc.edu.ph
2026-002093,Sebastian,Parker,Nelson,BSHM,"3rd Year",C1,sebastian.nelson2093@zdspgc.edu.ph
2026-002094,Jose,Graham,Rice,BSA,"4th Year",C1,jose.rice2094@zdspgc.edu.ph
2026-002095,Sebastian,Hicks,Rodriguez,BSHM,"1st Year",C2,sebastian.rodriguez2095@zdspgc.edu.ph
2026-002096,Carlos,James,Wilson,BSIT,"2nd Year",C1,carlos.wilson2096@zdspgc.edu.ph
2026-002097,Luis,Anderson,Nichols,BSA,"1st Year",B,luis.nichols2097@zdspgc.edu.ph
2026-002098,Elena,Reynolds,Matthews,BSHM,"3rd Year",C2,elena.matthews2098@zdspgc.edu.ph
2026-002099,Francisco,Myers,Tucker,BSBA,"4th Year",C1,francisco.tucker2099@zdspgc.edu.ph
2026-002100,Gabriela,Harrison,Sims,BEED,"4th Year",C1,gabriela.sims2100@zdspgc.edu.ph
2026-002101,Manuel,Bryant,Alexander,BSED,"2nd Year",C2,manuel.alexander2101@zdspgc.edu.ph
2026-002102,Jose,Shaw,Berry,BSIT,"1st Year",C2,jose.berry2102@zdspgc.edu.ph
2026-002103,Diego,Morales,Henderson,BSHM,"4th Year",C1,diego.henderson2103@zdspgc.edu.ph
2026-002104,Clara,Snyder,Olson,BSED,"2nd Year",C,clara.olson2104@zdspgc.edu.ph
2026-002105,Luis,Marshall,Adams,BSBA,"3rd Year",B,luis.adams2105@zdspgc.edu.ph
2026-002106,Gustavo,Woods,Washington,BEED,"3rd Year",A,gustavo.washington2106@zdspgc.edu.ph
2026-002107,Paula,Sullivan,Hughes,BEED,"1st Year",C2,paula.hughes2107@zdspgc.edu.ph
2026-002108,Fernando,Ellis,Ellis,BSIT,"3rd Year",C,fernando.ellis2108@zdspgc.edu.ph
2026-002109,Christian,Sanders,Price,BSHM,"2nd Year",B,christian.price2109@zdspgc.edu.ph
2026-002110,Carlos,Hawkins,Hudson,BSBA,"3rd Year",C,carlos.hudson2110@zdspgc.edu.ph
2026-002111,Camila,Hudson,Ford,BSBA,"4th Year",B,camila.ford2111@zdspgc.edu.ph
2026-002112,Camila,Cook,Reed,BSCrim,"1st Year",C2,camila.reed2112@zdspgc.edu.ph
2026-002113,Rosa,Ward,Mcdonald,BSED,"4th Year",A,rosa.mcdonald2113@zdspgc.edu.ph
2026-002114,Fernando,Hall,Powell,BEED,"2nd Year",C2,fernando.powell2114@zdspgc.edu.ph
2026-002115,Monica,Cunningham,Lewis,BSCrim,"3rd Year",C1,monica.lewis2115@zdspgc.edu.ph
2026-002116,Miguel,Payne,Adams,BSIT,"2nd Year",C2,miguel.adams2116@zdspgc.edu.ph
2026-002117,Valentina,Boyd,Robertson,BEED,"1st Year",B,valentina.robertson2117@zdspgc.edu.ph
2026-002118,Gustavo,Kelly,Tucker,BSA,"4th Year",B,gustavo.tucker2118@zdspgc.edu.ph
2026-002119,Luis,Weaver,Watkins,BSBA,"2nd Year",A,luis.watkins2119@zdspgc.edu.ph
2026-002120,Oscar,Hughes,Wilson,BSBA,"3rd Year",A,oscar.wilson2120@zdspgc.edu.ph
2026-002121,Camila,Washington,Lopez,BSIT,"4th Year",A,camila.lopez2121@zdspgc.edu.ph
2026-002122,Silvia,Kennedy,Lane,BSA,"4th Year",C2,silvia.lane2122@zdspgc.edu.ph
2026-002123,Silvia,Carroll,Wood,BSCrim,"3rd Year",C2,silvia.wood2123@zdspgc.edu.ph
2026-002124,Jose,Roberts,Hawkins,BSBA,"3rd Year",A,jose.hawkins2124@zdspgc.edu.ph
2026-002125,Patricia,Bennett,Perry,BEED,"4th Year",C,patricia.perry2125@zdspgc.edu.ph
2026-002126,Pablo,Perez,Perez,BSCrim,"2nd Year",C1,pablo.perez2126@zdspgc.edu.ph
2026-002127,Mariana,Ramos,Black,BEED,"2nd Year",C1,mariana.black2127@zdspgc.edu.ph
2026-002128,Beatriz,Hawkins,Bell,BSIT,"2nd Year",C1,beatriz.bell2128@zdspgc.edu.ph
2026-002129,Ana,Anderson,Ruiz,BEED,"2nd Year",C2,ana.ruiz2129@zdspgc.edu.ph
2026-002130,Ricardo,Henry,Vasquez,BSCrim,"4th Year",C,ricardo.vasquez2130@zdspgc.edu.ph
2026-002131,Diego,Greene,Perez,BSED,"3rd Year",C,diego.perez2131@zdspgc.edu.ph
2026-002132,Rafael,Woods,Ward,BSCrim,"3rd Year",C1,rafael.ward2132@zdspgc.edu.ph
2026-002133,Maria,Cox,Schmidt,BSHM,"1st Year",C2,maria.schmidt2133@zdspgc.edu.ph
2026-002134,Nicolas,Willis,Patterson,BSED,"4th Year",A,nicolas.patterson2134@zdspgc.edu.ph
2026-002135,Patricia,Sims,Grant,BSED,"2nd Year",A,patricia.grant2135@zdspgc.edu.ph
2026-002136,Isabella,Vasquez,Thompson,BSIT,"4th Year",C2,isabella.thompson2136@zdspgc.edu.ph
2026-002137,Monica,Howard,Lee,BSIT,"1st Year",A,monica.lee2137@zdspgc.edu.ph
2026-002138,Laura,Hall,Jackson,BEED,"2nd Year",B,laura.jackson2138@zdspgc.edu.ph
2026-002139,Alberto,Shaw,Diaz,BSA,"4th Year",C2,alberto.diaz2139@zdspgc.edu.ph
2026-002140,Jose,Taylor,Collins,BEED,"3rd Year",C1,jose.collins2140@zdspgc.edu.ph
2026-002141,Jorge,Foster,Griffin,BSA,"4th Year",A,jorge.griffin2141@zdspgc.edu.ph
2026-002142,Laura,Santos,Stewart,BSCrim,"4th Year",A,laura.stewart2142@zdspgc.edu.ph
2026-002143,Jorge,Gonzales,Ellis,BSBA,"1st Year",C2,jorge.ellis2143@zdspgc.edu.ph
2026-002144,Lucia,Thomas,Hicks,BSHM,"2nd Year",A,lucia.hicks2144@zdspgc.edu.ph
2026-002145,Hugo,Knight,Cook,BSA,"1st Year",C2,hugo.cook2145@zdspgc.edu.ph
2026-002146,Daniela,Spencer,Schmidt,BSHM,"4th Year",C2,daniela.schmidt2146@zdspgc.edu.ph
2026-002147,Valentina,Knight,Ross,BSIT,"1st Year",B,valentina.ross2147@zdspgc.edu.ph
2026-002148,Lucia,Henry,Fields,BSCrim,"1st Year",C2,lucia.fields2148@zdspgc.edu.ph
2026-002149,Pablo,James,Hamilton,BSIT,"1st Year",C2,pablo.hamilton2149@zdspgc.edu.ph
2026-002150,Luis,Rogers,Green,BSBA,"2nd Year",B,luis.green2150@zdspgc.edu.ph
2026-002151,Jose,Castillo,Ramirez,BSA,"3rd Year",C,jose.ramirez2151@zdspgc.edu.ph
2026-002152,Lucas,Bailey,Green,BSED,"1st Year",C1,lucas.green2152@zdspgc.edu.ph
2026-002153,Jorge,Martinez,Gomez,BSA,"3rd Year",C2,jorge.gomez2153@zdspgc.edu.ph
2026-002154,Gabriela,Murphy,Stone,BSBA,"4th Year",B,gabriela.stone2154@zdspgc.edu.ph
2026-002155,Isabella,Turner,Patterson,BSCrim,"4th Year",C,isabella.patterson2155@zdspgc.edu.ph
2026-002156,Marco,Roberts,Stone,BSA,"3rd Year",C,marco.stone2156@zdspgc.edu.ph
2026-002157,Miguel,Daniels,Fisher,BSHM,"1st Year",C,miguel.fisher2157@zdspgc.edu.ph
2026-002158,Paula,Simmons,Gonzalez,BSA,"2nd Year",C,paula.gonzalez2158@zdspgc.edu.ph
2026-002159,Santiago,Jordan,Bradley,BSA,"4th Year",C2,santiago.bradley2159@zdspgc.edu.ph
2026-002160,Laura,Berry,Ruiz,BSA,"1st Year",C2,laura.ruiz2160@zdspgc.edu.ph
2026-002161,Hugo,Harrison,Dixon,BSHM,"1st Year",C1,hugo.dixon2161@zdspgc.edu.ph
2026-002162,Diana,Sanders,Hayes,BEED,"3rd Year",C2,diana.hayes2162@zdspgc.edu.ph
2026-002163,Sandra,Elliott,Murphy,BSBA,"2nd Year",C2,sandra.murphy2163@zdspgc.edu.ph
2026-002164,Daniela,Webb,Hicks,BEED,"2nd Year",C,daniela.hicks2164@zdspgc.edu.ph
2026-002165,Luis,Santos,Gray,BSED,"2nd Year",A,luis.gray2165@zdspgc.edu.ph
2026-002166,Silvia,Cruz,Bennett,BSCrim,"2nd Year",A,silvia.bennett2166@zdspgc.edu.ph
2026-002167,Lucia,Ramos,Myers,BSIT,"2nd Year",C1,lucia.myers2167@zdspgc.edu.ph
2026-002168,Rafael,Fisher,Coleman,BSIT,"2nd Year",A,rafael.coleman2168@zdspgc.edu.ph
2026-002169,Carlos,Thomas,Green,BSED,"1st Year",A,carlos.green2169@zdspgc.edu.ph
2026-002170,Lucas,Kelley,Bell,BSIT,"4th Year",C1,lucas.bell2170@zdspgc.edu.ph
2026-002171,Emilio,Wood,Wagner,BSED,"3rd Year",C2,emilio.wagner2171@zdspgc.edu.ph
2026-002172,Mariana,Tucker,Bell,BSIT,"3rd Year",A,mariana.bell2172@zdspgc.edu.ph
2026-002173,Monica,Kelley,Bennett,BSHM,"3rd Year",C2,monica.bennett2173@zdspgc.edu.ph
2026-002174,Julia,Sullivan,Clark,BSBA,"4th Year",C,julia.clark2174@zdspgc.edu.ph
2026-002175,Andres,Thompson,Schmidt,BSHM,"2nd Year",C,andres.schmidt2175@zdspgc.edu.ph
2026-002176,Patricia,Wagner,Hunter,BSHM,"3rd Year",B,patricia.hunter2176@zdspgc.edu.ph
2026-002177,Julia,Pierce,Grant,BSED,"2nd Year",A,julia.grant2177@zdspgc.edu.ph
2026-002178,Daniela,Ray,Sullivan,BSIT,"4th Year",B,daniela.sullivan2178@zdspgc.edu.ph
2026-002179,Francisco,Molina,Jackson,BEED,"2nd Year",C1,francisco.jackson2179@zdspgc.edu.ph
2026-002180,Mariana,Chavez,Stewart,BEED,"1st Year",A,mariana.stewart2180@zdspgc.edu.ph
2026-002181,Rafael,Turner,Harris,BSCrim,"1st Year",B,rafael.harris2181@zdspgc.edu.ph
2026-002182,Oscar,Armstrong,Perkins,BSHM,"1st Year",A,oscar.perkins2182@zdspgc.edu.ph
2026-002183,Clara,Warren,Patterson,BSCrim,"4th Year",C,clara.patterson2183@zdspgc.edu.ph
2026-002184,Maria,Gibson,Myers,BSA,"2nd Year",C2,maria.myers2184@zdspgc.edu.ph
2026-002185,Teresa,Powell,Mills,BSA,"1st Year",C1,teresa.mills2185@zdspgc.edu.ph
2026-002186,Gustavo,Thomas,Carr,BEED,"2nd Year",C2,gustavo.carr2186@zdspgc.edu.ph
2026-002187,Luis,Harper,Peters,BSIT,"4th Year",C1,luis.peters2187@zdspgc.edu.ph
2026-002188,Manuel,Riley,Watson,BEED,"2nd Year",B,manuel.watson2188@zdspgc.edu.ph
2026-002189,Valentina,Carpenter,Ray,BEED,"4th Year",C1,valentina.ray2189@zdspgc.edu.ph
2026-002190,Daniela,Wright,Ross,BEED,"2nd Year",C2,daniela.ross2190@zdspgc.edu.ph
2026-002191,Gustavo,Gonzales,Coleman,BEED,"2nd Year",C2,gustavo.coleman2191@zdspgc.edu.ph
2026-002192,Valeria,Chavez,Stevens,BEED,"1st Year",A,valeria.stevens2192@zdspgc.edu.ph
2026-002193,Manuel,Watkins,Bradley,BEED,"4th Year",C,manuel.bradley2193@zdspgc.edu.ph
2026-002194,Gabriela,Reynolds,Castillo,BSIT,"2nd Year",C1,gabriela.castillo2194@zdspgc.edu.ph
2026-002195,Christian,Garcia,Hamilton,BEED,"3rd Year",B,christian.hamilton2195@zdspgc.edu.ph
2026-002196,Fernando,Hudson,Shaw,BSHM,"2nd Year",A,fernando.shaw2196@zdspgc.edu.ph
2026-002197,Diego,Barnes,Jenkins,BSED,"4th Year",C1,diego.jenkins2197@zdspgc.edu.ph
2026-002198,Nicolas,Cox,Alexander,BSCrim,"4th Year",C2,nicolas.alexander2198@zdspgc.edu.ph
2026-002199,Valentina,Morales,Hall,BSCrim,"3rd Year",C2,valentina.hall2199@zdspgc.edu.ph
2026-002200,Jose,West,Robinson,BSIT,"3rd Year",C,jose.robinson2200@zdspgc.edu.ph
2026-002201,Laura,Franklin,Matthews,BSHM,"4th Year",C,laura.matthews2201@zdspgc.edu.ph
2026-002202,Daniela,Franklin,Carter,BEED,"3rd Year",C2,daniela.carter2202@zdspgc.edu.ph
2026-002203,Adrian,Ferguson,Simmons,BEED,"3rd Year",C,adrian.simmons2203@zdspgc.edu.ph
2026-002204,Antonio,King,Harper,BSIT,"1st Year",C2,antonio.harper2204@zdspgc.edu.ph
2026-002205,Maria,Anderson,Lopez,BSIT,"3rd Year",C,maria.lopez2205@zdspgc.edu.ph
2026-002206,Diana,Campbell,Richardson,BSCrim,"3rd Year",C,diana.richardson2206@zdspgc.edu.ph
2026-002207,Gustavo,Gomez,Ward,BSIT,"2nd Year",C,gustavo.ward2207@zdspgc.edu.ph
2026-002208,Paula,Green,Warren,BSIT,"1st Year",C,paula.warren2208@zdspgc.edu.ph
2026-002209,Gustavo,Lawrence,Spencer,BSBA,"4th Year",B,gustavo.spencer2209@zdspgc.edu.ph
2026-002210,Daniela,Elliott,Lee,BSBA,"2nd Year",A,daniela.lee2210@zdspgc.edu.ph
2026-002211,Isabella,Hughes,Campbell,BSED,"1st Year",C2,isabella.campbell2211@zdspgc.edu.ph
2026-002212,Teresa,Stevens,Myers,BEED,"3rd Year",C2,teresa.myers2212@zdspgc.edu.ph
2026-002213,David,Dunn,Lewis,BEED,"4th Year",C2,david.lewis2213@zdspgc.edu.ph
2026-002214,Ana,Hunt,Anderson,BSCrim,"2nd Year",A,ana.anderson2214@zdspgc.edu.ph
2026-002215,Francisco,Sims,Washington,BEED,"1st Year",C1,francisco.washington2215@zdspgc.edu.ph
2026-002216,Sandra,Riley,Perkins,BSED,"1st Year",C,sandra.perkins2216@zdspgc.edu.ph
2026-002217,Isabella,Knight,Watkins,BEED,"4th Year",C1,isabella.watkins2217@zdspgc.edu.ph
2026-002218,Felipe,Hudson,Cook,BSA,"3rd Year",B,felipe.cook2218@zdspgc.edu.ph
2026-002219,Carolina,Rivera,Torres,BSED,"1st Year",C,carolina.torres2219@zdspgc.edu.ph
2026-002220,Beatriz,Hudson,Molina,BSCrim,"1st Year",A,beatriz.molina2220@zdspgc.edu.ph
2026-002221,Gustavo,Reyes,Carpenter,BSA,"4th Year",B,gustavo.carpenter2221@zdspgc.edu.ph
2026-002222,Jorge,Young,Powell,BSIT,"4th Year",A,jorge.powell2222@zdspgc.edu.ph
2026-002223,Laura,Vasquez,Howard,BSED,"2nd Year",C1,laura.howard2223@zdspgc.edu.ph
2026-002224,Oscar,Lane,Morgan,BSHM,"1st Year",B,oscar.morgan2224@zdspgc.edu.ph
2026-002225,David,Lawson,Black,BEED,"3rd Year",C1,david.black2225@zdspgc.edu.ph
2026-002226,Sebastian,Ryan,Phillips,BSIT,"3rd Year",C2,sebastian.phillips2226@zdspgc.edu.ph
2026-002227,Carmen,Reed,Hart,BEED,"1st Year",A,carmen.hart2227@zdspgc.edu.ph
2026-002228,Isabel,Mills,Morgan,BSA,"1st Year",A,isabel.morgan2228@zdspgc.edu.ph
2026-002229,Hugo,Bryant,Holmes,BSCrim,"3rd Year",C1,hugo.holmes2229@zdspgc.edu.ph
2026-002230,Adrian,Rose,Hall,BSIT,"3rd Year",B,adrian.hall2230@zdspgc.edu.ph
2026-002231,Rafael,Riley,Mitchell,BSA,"3rd Year",C2,rafael.mitchell2231@zdspgc.edu.ph
2026-002232,Elena,Greene,Dixon,BEED,"3rd Year",C1,elena.dixon2232@zdspgc.edu.ph
2026-002233,Mariana,Kennedy,Young,BSBA,"4th Year",B,mariana.young2233@zdspgc.edu.ph
2026-002234,Pedro,Armstrong,Mills,BSA,"4th Year",B,pedro.mills2234@zdspgc.edu.ph
2026-002235,Daniela,Evans,Cruz,BSED,"2nd Year",C,daniela.cruz2235@zdspgc.edu.ph
2026-002236,Manuel,Arnold,Scott,BEED,"4th Year",C,manuel.scott2236@zdspgc.edu.ph
2026-002237,Valentina,Vasquez,Cooper,BSIT,"1st Year",C2,valentina.cooper2237@zdspgc.edu.ph
2026-002238,Rosa,Bennett,Cole,BSA,"2nd Year",A,rosa.cole2238@zdspgc.edu.ph
2026-002239,Javier,Gonzalez,Hudson,BSCrim,"4th Year",C2,javier.hudson2239@zdspgc.edu.ph
2026-002240,Miguel,Ellis,Washington,BSBA,"3rd Year",C,miguel.washington2240@zdspgc.edu.ph
2026-002241,Laura,Ford,Sanders,BSBA,"3rd Year",A,laura.sanders2241@zdspgc.edu.ph
2026-002242,Rosa,Reyes,Dixon,BSIT,"3rd Year",B,rosa.dixon2242@zdspgc.edu.ph
2026-002243,Isabella,Bailey,Hayes,BSIT,"3rd Year",C1,isabella.hayes2243@zdspgc.edu.ph
2026-002244,Emilio,Campbell,Morris,BSED,"4th Year",C1,emilio.morris2244@zdspgc.edu.ph
2026-002245,Lucia,Foster,Henderson,BSCrim,"3rd Year",B,lucia.henderson2245@zdspgc.edu.ph
2026-002246,Gustavo,Cruz,Alexander,BSIT,"4th Year",C1,gustavo.alexander2246@zdspgc.edu.ph
2026-002247,Rosa,Carr,Ortiz,BSED,"4th Year",C1,rosa.ortiz2247@zdspgc.edu.ph
2026-002248,Christian,Schmidt,Anderson,BSCrim,"1st Year",C2,christian.anderson2248@zdspgc.edu.ph
2026-002249,Manuel,Owens,Parker,BSIT,"3rd Year",C2,manuel.parker2249@zdspgc.edu.ph
2026-002250,Francisco,Kelly,Gray,BSED,"2nd Year",A,francisco.gray2250@zdspgc.edu.ph
2026-002251,Adrian,Rivera,Vasquez,BSED,"4th Year",C,adrian.vasquez2251@zdspgc.edu.ph
2026-002252,David,Wilson,Watkins,BSIT,"1st Year",B,david.watkins2252@zdspgc.edu.ph
2026-002253,Pedro,Perry,Riley,BSA,"3rd Year",C2,pedro.riley2253@zdspgc.edu.ph
2026-002254,Carolina,Matthews,Fox,BSIT,"4th Year",A,carolina.fox2254@zdspgc.edu.ph
2026-002255,Patricia,Peterson,Olson,BSIT,"1st Year",C,patricia.olson2255@zdspgc.edu.ph
2026-002256,Diana,Perry,James,BEED,"1st Year",C1,diana.james2256@zdspgc.edu.ph
2026-002257,Isabella,Marshall,Evans,BSBA,"4th Year",C,isabella.evans2257@zdspgc.edu.ph
2026-002258,Carmen,Warren,Kelley,BSBA,"3rd Year",C2,carmen.kelley2258@zdspgc.edu.ph
2026-002259,Hugo,Stewart,Ortiz,BSHM,"3rd Year",B,hugo.ortiz2259@zdspgc.edu.ph
2026-002260,Beatriz,Martin,Armstrong,BSED,"2nd Year",C1,beatriz.armstrong2260@zdspgc.edu.ph
2026-002261,Javier,Adams,Roberts,BSED,"2nd Year",A,javier.roberts2261@zdspgc.edu.ph
2026-002262,Mariana,Wilson,Moore,BSED,"3rd Year",C,mariana.moore2262@zdspgc.edu.ph
2026-002263,Beatriz,Ward,Riley,BSIT,"4th Year",A,beatriz.riley2263@zdspgc.edu.ph
2026-002264,Marco,Schmidt,Myers,BSCrim,"3rd Year",C,marco.myers2264@zdspgc.edu.ph
2026-002265,Lucas,Snyder,Olson,BSBA,"3rd Year",C1,lucas.olson2265@zdspgc.edu.ph
2026-002266,Antonio,Robinson,Hall,BSCrim,"2nd Year",C,antonio.hall2266@zdspgc.edu.ph
2026-002267,Adrian,Ferguson,Harper,BSHM,"2nd Year",B,adrian.harper2267@zdspgc.edu.ph
2026-002268,Paula,Reynolds,Lee,BSA,"1st Year",A,paula.lee2268@zdspgc.edu.ph
2026-002269,Santiago,Allen,Washington,BSHM,"3rd Year",B,santiago.washington2269@zdspgc.edu.ph
2026-002270,Julia,Scott,Butler,BSIT,"4th Year",C1,julia.butler2270@zdspgc.edu.ph
2026-002271,Andrea,Peterson,Marshall,BSHM,"2nd Year",A,andrea.marshall2271@zdspgc.edu.ph
2026-002272,Marco,Ellis,Lewis,BEED,"2nd Year",C1,marco.lewis2272@zdspgc.edu.ph
2026-002273,Julia,Turner,Simmons,BSIT,"3rd Year",C1,julia.simmons2273@zdspgc.edu.ph
2026-002274,Pedro,Ryan,Martin,BSCrim,"1st Year",C1,pedro.martin2274@zdspgc.edu.ph
2026-002275,Valentina,Barnes,Ford,BEED,"2nd Year",A,valentina.ford2275@zdspgc.edu.ph
2026-002276,Miguel,Palmer,Shaw,BSHM,"3rd Year",C1,miguel.shaw2276@zdspgc.edu.ph
2026-002277,Clara,Bailey,Porter,BEED,"2nd Year",C1,clara.porter2277@zdspgc.edu.ph
2026-002278,Isabel,Pierce,Bennett,BEED,"4th Year",C,isabel.bennett2278@zdspgc.edu.ph
2026-002279,Adrian,Flores,Thomas,BSCrim,"4th Year",C1,adrian.thomas2279@zdspgc.edu.ph
2026-002280,Rosa,Cruz,Schmidt,BEED,"2nd Year",C,rosa.schmidt2280@zdspgc.edu.ph
2026-002281,Isabella,Olson,Hughes,BEED,"1st Year",C2,isabella.hughes2281@zdspgc.edu.ph
2026-002282,Hugo,King,Long,BSED,"2nd Year",C2,hugo.long2282@zdspgc.edu.ph
2026-002283,Carlos,Grant,Perez,BEED,"3rd Year",C,carlos.perez2283@zdspgc.edu.ph
2026-002284,Maria,Richardson,Lewis,BSCrim,"4th Year",C,maria.lewis2284@zdspgc.edu.ph
2026-002285,Luis,Cook,Boyd,BSHM,"3rd Year",C1,luis.boyd2285@zdspgc.edu.ph
2026-002286,Maria,Owens,Spencer,BSIT,"3rd Year",C2,maria.spencer2286@zdspgc.edu.ph
2026-002287,Juan,Bennett,Barnes,BSED,"2nd Year",C,juan.barnes2287@zdspgc.edu.ph
2026-002288,Alberto,Perez,Molina,BSBA,"4th Year",C1,alberto.molina2288@zdspgc.edu.ph
2026-002289,Felipe,Hawkins,Adams,BSBA,"3rd Year",B,felipe.adams2289@zdspgc.edu.ph
2026-002290,Carlos,Hughes,Clark,BSIT,"1st Year",A,carlos.clark2290@zdspgc.edu.ph
2026-002291,Lucia,Hudson,Powell,BSHM,"2nd Year",C,lucia.powell2291@zdspgc.edu.ph
2026-002292,Oscar,Barnes,Sims,BSBA,"1st Year",C1,oscar.sims2292@zdspgc.edu.ph
2026-002293,Christian,James,Brooks,BSA,"4th Year",C,christian.brooks2293@zdspgc.edu.ph
2026-002294,Pablo,Hart,Watkins,BSHM,"3rd Year",A,pablo.watkins2294@zdspgc.edu.ph
2026-002295,Carlos,Chavez,Jenkins,BSA,"2nd Year",A,carlos.jenkins2295@zdspgc.edu.ph
2026-002296,Isabel,Robertson,Gonzalez,BSBA,"3rd Year",C,isabel.gonzalez2296@zdspgc.edu.ph
2026-002297,Andres,Robertson,Dixon,BEED,"3rd Year",C1,andres.dixon2297@zdspgc.edu.ph
2026-002298,Jose,Marshall,Collins,BSED,"3rd Year",C2,jose.collins2298@zdspgc.edu.ph
2026-002299,Laura,Spencer,Carr,BSCrim,"2nd Year",A,laura.carr2299@zdspgc.edu.ph
2026-002300,Luis,Ferguson,Bradley,BSHM,"4th Year",C2,luis.bradley2300@zdspgc.edu.ph
2026-002301,Federico,James,Ellis,BSBA,"4th Year",C1,federico.ellis2301@zdspgc.edu.ph
2026-002302,Fernando,Austin,Woods,BSBA,"1st Year",C2,fernando.woods2302@zdspgc.edu.ph
2026-002303,Ricardo,Marshall,Black,BSED,"4th Year",A,ricardo.black2303@zdspgc.edu.ph
2026-002304,Paula,Ryan,Taylor,BSHM,"2nd Year",C1,paula.taylor2304@zdspgc.edu.ph
2026-002305,Federico,Harrison,Holmes,BSBA,"3rd Year",C1,federico.holmes2305@zdspgc.edu.ph
2026-002306,Lucia,Moore,Washington,BSCrim,"1st Year",B,lucia.washington2306@zdspgc.edu.ph
2026-002307,Valentina,Bradley,Black,BEED,"4th Year",B,valentina.black2307@zdspgc.edu.ph
2026-002308,Beatriz,Harper,Fields,BSED,"3rd Year",B,beatriz.fields2308@zdspgc.edu.ph
2026-002309,Antonio,Simmons,Armstrong,BSED,"4th Year",B,antonio.armstrong2309@zdspgc.edu.ph
2026-002310,Valentina,Willis,Watson,BSA,"3rd Year",A,valentina.watson2310@zdspgc.edu.ph
2026-002311,Carolina,Spencer,Marshall,BEED,"3rd Year",C1,carolina.marshall2311@zdspgc.edu.ph
2026-002312,Gustavo,Gutierrez,West,BSBA,"1st Year",B,gustavo.west2312@zdspgc.edu.ph
2026-002313,Felipe,Hicks,Sanchez,BSCrim,"2nd Year",A,felipe.sanchez2313@zdspgc.edu.ph
2026-002314,Julia,Lane,Nelson,BSED,"3rd Year",A,julia.nelson2314@zdspgc.edu.ph
2026-002315,Manuel,Nichols,Baker,BSA,"1st Year",C1,manuel.baker2315@zdspgc.edu.ph
2026-002316,Rafael,Wilson,Lopez,BSCrim,"2nd Year",A,rafael.lopez2316@zdspgc.edu.ph
2026-002317,Daniela,Wagner,Murphy,BSED,"1st Year",A,daniela.murphy2317@zdspgc.edu.ph
2026-002318,Daniela,Gibson,Anderson,BSED,"2nd Year",C1,daniela.anderson2318@zdspgc.edu.ph
2026-002319,Carlos,Marshall,Sullivan,BSCrim,"2nd Year",C,carlos.sullivan2319@zdspgc.edu.ph
2026-002320,Laura,Fisher,Knight,BEED,"1st Year",C1,laura.knight2320@zdspgc.edu.ph
2026-002321,Lucas,Washington,Wright,BSHM,"3rd Year",C1,lucas.wright2321@zdspgc.edu.ph
2026-002322,Camila,Anderson,Cruz,BSA,"4th Year",C1,camila.cruz2322@zdspgc.edu.ph
2026-002323,David,Carr,Palmer,BEED,"3rd Year",A,david.palmer2323@zdspgc.edu.ph
2026-002324,Luis,Crawford,Chavez,BSBA,"4th Year",A,luis.chavez2324@zdspgc.edu.ph
2026-002325,Christian,Coleman,Gonzalez,BEED,"3rd Year",C1,christian.gonzalez2325@zdspgc.edu.ph
2026-002326,Federico,Perry,Torres,BSCrim,"4th Year",C1,federico.torres2326@zdspgc.edu.ph
2026-002327,Silvia,Mills,Thompson,BSHM,"2nd Year",C1,silvia.thompson2327@zdspgc.edu.ph
2026-002328,Hugo,Morris,Murphy,BSIT,"4th Year",A,hugo.murphy2328@zdspgc.edu.ph
2026-002329,Daniela,Webb,Shaw,BSED,"4th Year",C2,daniela.shaw2329@zdspgc.edu.ph
2026-002330,Carmen,Ruiz,Palmer,BSCrim,"2nd Year",C,carmen.palmer2330@zdspgc.edu.ph
2026-002331,Pablo,Harrison,Lawson,BSED,"3rd Year",C1,pablo.lawson2331@zdspgc.edu.ph
2026-002332,Daniela,Lawson,Ford,BSA,"3rd Year",B,daniela.ford2332@zdspgc.edu.ph
2026-002333,Beatriz,Stevens,Willis,BSED,"1st Year",C,beatriz.willis2333@zdspgc.edu.ph
2026-002334,Clara,Ferguson,Adams,BSCrim,"1st Year",A,clara.adams2334@zdspgc.edu.ph
2026-002335,Nicolas,Boyd,Martin,BEED,"4th Year",C1,nicolas.martin2335@zdspgc.edu.ph
2026-002336,Juan,Nelson,Fox,BSHM,"3rd Year",A,juan.fox2336@zdspgc.edu.ph
2026-002337,Santiago,Russell,Chavez,BSA,"3rd Year",B,santiago.chavez2337@zdspgc.edu.ph
2026-002338,Pablo,White,Bailey,BSHM,"1st Year",A,pablo.bailey2338@zdspgc.edu.ph
2026-002339,Sebastian,Hayes,Ortiz,BSA,"1st Year",C2,sebastian.ortiz2339@zdspgc.edu.ph
2026-002340,Ana,Brooks,Stewart,BSBA,"2nd Year",A,ana.stewart2340@zdspgc.edu.ph
2026-002341,Laura,Mcdonald,Lane,BSA,"4th Year",C,laura.lane2341@zdspgc.edu.ph
2026-002342,Pedro,Fisher,Turner,BSED,"3rd Year",B,pedro.turner2342@zdspgc.edu.ph
2026-002343,David,Rivera,Gonzales,BSED,"4th Year",C1,david.gonzales2343@zdspgc.edu.ph
2026-002344,Federico,Austin,Cooper,BSCrim,"3rd Year",C1,federico.cooper2344@zdspgc.edu.ph
2026-002345,Felipe,Perez,Armstrong,BSBA,"2nd Year",A,felipe.armstrong2345@zdspgc.edu.ph
2026-002346,Julia,Stone,Moore,BSA,"4th Year",C2,julia.moore2346@zdspgc.edu.ph
2026-002347,Andres,Butler,Richardson,BSA,"1st Year",B,andres.richardson2347@zdspgc.edu.ph
2026-002348,Felipe,Cruz,Moore,BSCrim,"3rd Year",C2,felipe.moore2348@zdspgc.edu.ph
2026-002349,Antonio,Schmidt,Ramos,BSHM,"4th Year",C2,antonio.ramos2349@zdspgc.edu.ph
2026-002350,Lucia,Foster,Franklin,BSHM,"4th Year",B,lucia.franklin2350@zdspgc.edu.ph
2026-002351,Adrian,Kelley,Ryan,BSED,"3rd Year",B,adrian.ryan2351@zdspgc.edu.ph
2026-002352,Elena,Thomas,Taylor,BSCrim,"4th Year",A,elena.taylor2352@zdspgc.edu.ph
2026-002353,Jose,Turner,Hawkins,BSA,"2nd Year",A,jose.hawkins2353@zdspgc.edu.ph
2026-002354,Andrea,Bryant,Riley,BSCrim,"2nd Year",C,andrea.riley2354@zdspgc.edu.ph
2026-002355,Ana,Dunn,Ortiz,BSCrim,"1st Year",A,ana.ortiz2355@zdspgc.edu.ph
2026-002356,Silvia,Cox,Owens,BSHM,"4th Year",C,silvia.owens2356@zdspgc.edu.ph
2026-002357,Jorge,Thomas,Morris,BSA,"1st Year",C1,jorge.morris2357@zdspgc.edu.ph
2026-002358,Emilio,Porter,Morales,BSBA,"4th Year",C,emilio.morales2358@zdspgc.edu.ph
2026-002359,Diana,Perez,Fields,BSIT,"2nd Year",C2,diana.fields2359@zdspgc.edu.ph
2026-002360,Maria,Gomez,Gomez,BSHM,"4th Year",C2,maria.gomez2360@zdspgc.edu.ph
2026-002361,Carmen,Hughes,Harrison,BSA,"1st Year",C1,carmen.harrison2361@zdspgc.edu.ph
2026-002362,Ricardo,Daniels,Reynolds,BEED,"2nd Year",C,ricardo.reynolds2362@zdspgc.edu.ph
2026-002363,Elena,Martin,Peters,BEED,"1st Year",C,elena.peters2363@zdspgc.edu.ph
2026-002364,Mariana,Morgan,Perkins,BSCrim,"1st Year",A,mariana.perkins2364@zdspgc.edu.ph
2026-002365,Valentina,Young,Spencer,BSIT,"4th Year",C,valentina.spencer2365@zdspgc.edu.ph
2026-002366,Rafael,Reed,Sullivan,BSCrim,"1st Year",C2,rafael.sullivan2366@zdspgc.edu.ph
2026-002367,Isabel,Lawrence,Greene,BSED,"3rd Year",A,isabel.greene2367@zdspgc.edu.ph
2026-002368,Gabriela,Thompson,Harper,BSBA,"3rd Year",A,gabriela.harper2368@zdspgc.edu.ph
2026-002369,Emilio,Gutierrez,Reed,BSED,"1st Year",C,emilio.reed2369@zdspgc.edu.ph
2026-002370,Federico,Lawrence,Hayes,BSED,"2nd Year",B,federico.hayes2370@zdspgc.edu.ph
2026-002371,Federico,Weaver,Boyd,BSBA,"1st Year",C1,federico.boyd2371@zdspgc.edu.ph
2026-002372,Diego,Howard,Watson,BEED,"1st Year",C1,diego.watson2372@zdspgc.edu.ph
2026-002373,Gabriela,Carpenter,Sims,BSA,"1st Year",B,gabriela.sims2373@zdspgc.edu.ph
2026-002374,Marco,Rogers,Warren,BSHM,"1st Year",C,marco.warren2374@zdspgc.edu.ph
2026-002375,Camila,Perry,Payne,BSA,"4th Year",C1,camila.payne2375@zdspgc.edu.ph
2026-002376,Carlos,Alexander,Ortiz,BSIT,"2nd Year",B,carlos.ortiz2376@zdspgc.edu.ph
2026-002377,Luis,Watson,Garcia,BSCrim,"4th Year",B,luis.garcia2377@zdspgc.edu.ph
2026-002378,Daniela,Ray,"Dela Cruz",BSIT,"3rd Year",B,daniela.delacruz2378@zdspgc.edu.ph
2026-002379,Gabriela,Russell,James,BSIT,"3rd Year",A,gabriela.james2379@zdspgc.edu.ph
2026-002380,Andres,Lawrence,Sullivan,BSIT,"4th Year",B,andres.sullivan2380@zdspgc.edu.ph
2026-002381,Valentina,Garcia,Garcia,BSHM,"4th Year",B,valentina.garcia2381@zdspgc.edu.ph
2026-002382,Nicolas,Riley,Henderson,BEED,"1st Year",C1,nicolas.henderson2382@zdspgc.edu.ph
2026-002383,Adrian,Weaver,Hunter,BSCrim,"1st Year",C2,adrian.hunter2383@zdspgc.edu.ph
2026-002384,Antonio,Arnold,Carter,BEED,"1st Year",C,antonio.carter2384@zdspgc.edu.ph
2026-002385,Hugo,Harper,Cruz,BSIT,"1st Year",C2,hugo.cruz2385@zdspgc.edu.ph
2026-002386,Daniela,Martin,Mills,BSCrim,"2nd Year",B,daniela.mills2386@zdspgc.edu.ph
2026-002387,Federico,Ramirez,Wilson,BEED,"2nd Year",B,federico.wilson2387@zdspgc.edu.ph
2026-002388,Maria,Young,Ross,BSA,"4th Year",C1,maria.ross2388@zdspgc.edu.ph
2026-002389,Lucas,Hunter,Perez,BSIT,"4th Year",C2,lucas.perez2389@zdspgc.edu.ph
2026-002390,Nicolas,Reyes,Patterson,BSA,"3rd Year",C2,nicolas.patterson2390@zdspgc.edu.ph
2026-002391,Clara,Dixon,Matthews,BSIT,"4th Year",C2,clara.matthews2391@zdspgc.edu.ph
2026-002392,Emilio,Edwards,Perry,BSHM,"3rd Year",B,emilio.perry2392@zdspgc.edu.ph
2026-002393,Maria,Black,Anderson,BSED,"2nd Year",C1,maria.anderson2393@zdspgc.edu.ph
2026-002394,Patricia,Foster,Kennedy,BSIT,"3rd Year",C,patricia.kennedy2394@zdspgc.edu.ph
2026-002395,Gustavo,Black,Coleman,BSBA,"3rd Year",A,gustavo.coleman2395@zdspgc.edu.ph
2026-002396,Miguel,Boyd,Roberts,BSED,"3rd Year",C2,miguel.roberts2396@zdspgc.edu.ph
2026-002397,Monica,Nelson,Reyes,BSBA,"4th Year",C,monica.reyes2397@zdspgc.edu.ph
2026-002398,Elena,Gordon,Hawkins,BEED,"4th Year",C1,elena.hawkins2398@zdspgc.edu.ph
2026-002399,Laura,Wilson,Holmes,BSED,"1st Year",B,laura.holmes2399@zdspgc.edu.ph
2026-002400,Nicolas,Rivera,Harper,BSBA,"4th Year",C1,nicolas.harper2400@zdspgc.edu.ph
2026-002401,Hugo,West,Roberts,BSIT,"2nd Year",C1,hugo.roberts2401@zdspgc.edu.ph
2026-002402,Paula,Andrews,Diaz,BEED,"1st Year",C2,paula.diaz2402@zdspgc.edu.ph
2026-002403,Pedro,Dixon,Bryant,BEED,"4th Year",C2,pedro.bryant2403@zdspgc.edu.ph
2026-002404,Andres,Baker,Butler,BEED,"2nd Year",B,andres.butler2404@zdspgc.edu.ph
2026-002405,Diana,Owens,Carroll,BSHM,"2nd Year",C1,diana.carroll2405@zdspgc.edu.ph
2026-002406,Mariana,James,King,BEED,"1st Year",C,mariana.king2406@zdspgc.edu.ph
2026-002407,Luis,Morgan,Knight,BSHM,"1st Year",C2,luis.knight2407@zdspgc.edu.ph
2026-002408,Gabriela,Hernandez,Sims,BSBA,"4th Year",C,gabriela.sims2408@zdspgc.edu.ph
2026-002409,Christian,Watkins,Young,BEED,"4th Year",C2,christian.young2409@zdspgc.edu.ph
2026-002410,Valeria,Holmes,Cole,BSCrim,"4th Year",C1,valeria.cole2410@zdspgc.edu.ph
2026-002411,Rosa,Rose,James,BSA,"4th Year",C,rosa.james2411@zdspgc.edu.ph
2026-002412,Emilio,Perry,Washington,BSCrim,"4th Year",C,emilio.washington2412@zdspgc.edu.ph
2026-002413,Diana,Patterson,Rivera,BSA,"1st Year",B,diana.rivera2413@zdspgc.edu.ph
2026-002414,Patricia,Marshall,Kelley,BSHM,"1st Year",C2,patricia.kelley2414@zdspgc.edu.ph
2026-002415,Diana,Martin,Warren,BSA,"3rd Year",C2,diana.warren2415@zdspgc.edu.ph
2026-002416,Luis,Bailey,Kelley,BSBA,"2nd Year",C2,luis.kelley2416@zdspgc.edu.ph
2026-002417,Federico,Willis,Carr,BSIT,"4th Year",A,federico.carr2417@zdspgc.edu.ph
2026-002418,Elena,Boyd,Boyd,BSCrim,"4th Year",C2,elena.boyd2418@zdspgc.edu.ph
2026-002419,Pedro,Hawkins,Hall,BEED,"4th Year",C2,pedro.hall2419@zdspgc.edu.ph
2026-002420,Sebastian,Rice,Harper,BSCrim,"1st Year",B,sebastian.harper2420@zdspgc.edu.ph
2026-002421,Francisco,Nichols,Price,BSHM,"1st Year",C,francisco.price2421@zdspgc.edu.ph
2026-002422,Sandra,Lawrence,Ruiz,BEED,"2nd Year",A,sandra.ruiz2422@zdspgc.edu.ph
2026-002423,Lucas,Alexander,Daniels,BSHM,"4th Year",A,lucas.daniels2423@zdspgc.edu.ph
2026-002424,Teresa,Barnes,Thomas,BSA,"1st Year",C1,teresa.thomas2424@zdspgc.edu.ph
2026-002425,Monica,Lewis,Bryant,BSCrim,"4th Year",A,monica.bryant2425@zdspgc.edu.ph
2026-002426,Jose,Rose,Watkins,BSHM,"1st Year",C2,jose.watkins2426@zdspgc.edu.ph
2026-002427,Carolina,Reyes,Lopez,BSCrim,"3rd Year",B,carolina.lopez2427@zdspgc.edu.ph
2026-002428,Beatriz,Mason,Stone,BSBA,"1st Year",C,beatriz.stone2428@zdspgc.edu.ph
2026-002429,Hugo,Hayes,Scott,BSHM,"4th Year",C,hugo.scott2429@zdspgc.edu.ph
2026-002430,Valeria,Nelson,Robinson,BSA,"1st Year",C,valeria.robinson2430@zdspgc.edu.ph
2026-002431,Andrea,Hughes,Burns,BSBA,"1st Year",C,andrea.burns2431@zdspgc.edu.ph
2026-002432,Felipe,Porter,Perkins,BEED,"4th Year",C2,felipe.perkins2432@zdspgc.edu.ph
2026-002433,Carolina,Hall,Jackson,BEED,"2nd Year",B,carolina.jackson2433@zdspgc.edu.ph
2026-002434,Clara,Woods,Kelly,BSIT,"1st Year",C1,clara.kelly2434@zdspgc.edu.ph
2026-002435,Rosa,Campbell,Castillo,BSIT,"3rd Year",C2,rosa.castillo2435@zdspgc.edu.ph
2026-002436,Hugo,Weaver,Marshall,BSA,"1st Year",C1,hugo.marshall2436@zdspgc.edu.ph
2026-002437,Antonio,Ortiz,Hall,BSA,"4th Year",C2,antonio.hall2437@zdspgc.edu.ph
2026-002438,Isabella,Washington,Rice,BSBA,"1st Year",C2,isabella.rice2438@zdspgc.edu.ph
2026-002439,Jorge,Arnold,Ramirez,BSHM,"1st Year",A,jorge.ramirez2439@zdspgc.edu.ph
2026-002440,Carmen,Stone,Lane,BSIT,"1st Year",C,carmen.lane2440@zdspgc.edu.ph
2026-002441,Valeria,Stewart,Fox,BSHM,"4th Year",C,valeria.fox2441@zdspgc.edu.ph
2026-002442,Carlos,Gray,Webb,BSCrim,"2nd Year",C2,carlos.webb2442@zdspgc.edu.ph
2026-002443,Carlos,Perkins,Palmer,BSCrim,"1st Year",C,carlos.palmer2443@zdspgc.edu.ph
2026-002444,Luis,Crawford,Lewis,BSHM,"1st Year",C,luis.lewis2444@zdspgc.edu.ph
2026-002445,Miguel,Lane,Franklin,BSA,"1st Year",B,miguel.franklin2445@zdspgc.edu.ph
2026-002446,Camila,Austin,West,BSBA,"3rd Year",C1,camila.west2446@zdspgc.edu.ph
2026-002447,Pedro,White,West,BSIT,"3rd Year",B,pedro.west2447@zdspgc.edu.ph
2026-002448,Javier,Marshall,Turner,BSED,"4th Year",C1,javier.turner2448@zdspgc.edu.ph
2026-002449,Rafael,Payne,Garcia,BSBA,"2nd Year",C2,rafael.garcia2449@zdspgc.edu.ph
2026-002450,Carolina,Elliott,Ferguson,BSCrim,"3rd Year",C,carolina.ferguson2450@zdspgc.edu.ph
2026-002451,Teresa,Ryan,Martin,BSHM,"2nd Year",B,teresa.martin2451@zdspgc.edu.ph
2026-002452,Maria,Rogers,Morales,BSED,"4th Year",C,maria.morales2452@zdspgc.edu.ph
2026-002453,David,Sanchez,Clark,BSCrim,"1st Year",C2,david.clark2453@zdspgc.edu.ph
2026-002454,Rafael,Payne,Snyder,BEED,"2nd Year",C,rafael.snyder2454@zdspgc.edu.ph
2026-002455,Oscar,Wallace,Castillo,BSED,"1st Year",C,oscar.castillo2455@zdspgc.edu.ph
2026-002456,Diana,Thomas,Walker,BSED,"4th Year",C1,diana.walker2456@zdspgc.edu.ph
2026-002457,Daniela,Watson,Price,BSCrim,"1st Year",B,daniela.price2457@zdspgc.edu.ph
2026-002458,Lucia,Butler,Armstrong,BSCrim,"2nd Year",B,lucia.armstrong2458@zdspgc.edu.ph
2026-002459,Maria,Knight,Moore,BSA,"1st Year",C,maria.moore2459@zdspgc.edu.ph
2026-002460,Andres,Ford,Cruz,BEED,"4th Year",C1,andres.cruz2460@zdspgc.edu.ph
2026-002461,Marco,Thomas,Knight,BSIT,"2nd Year",C,marco.knight2461@zdspgc.edu.ph
2026-002462,Hugo,Hayes,Crawford,BSHM,"4th Year",A,hugo.crawford2462@zdspgc.edu.ph
2026-002463,Juan,Harper,Molina,BSCrim,"1st Year",C1,juan.molina2463@zdspgc.edu.ph
2026-002464,Santiago,Patterson,Allen,BSCrim,"4th Year",C1,santiago.allen2464@zdspgc.edu.ph
2026-002465,Diana,Cole,Carroll,BSIT,"1st Year",B,diana.carroll2465@zdspgc.edu.ph
2026-002466,Hugo,Gomez,Black,BSA,"3rd Year",B,hugo.black2466@zdspgc.edu.ph
2026-002467,Sofia,Weaver,Coleman,BSA,"3rd Year",A,sofia.coleman2467@zdspgc.edu.ph
2026-002468,Rosa,Harris,Rogers,BEED,"1st Year",C1,rosa.rogers2468@zdspgc.edu.ph
2026-002469,Hugo,Gibson,Fox,BSHM,"4th Year",C1,hugo.fox2469@zdspgc.edu.ph
2026-002470,Ana,Ramirez,Harrison,BSED,"2nd Year",B,ana.harrison2470@zdspgc.edu.ph
2026-002471,Marco,Mitchell,Stewart,BSBA,"1st Year",A,marco.stewart2471@zdspgc.edu.ph
2026-002472,Emilio,Gray,Wright,BSBA,"3rd Year",C1,emilio.wright2472@zdspgc.edu.ph
2026-002473,Clara,Walker,Harper,BSIT,"4th Year",B,clara.harper2473@zdspgc.edu.ph
2026-002474,Lucia,Molina,Bennett,BSCrim,"4th Year",A,lucia.bennett2474@zdspgc.edu.ph
2026-002475,Rafael,Reed,Parker,BSCrim,"2nd Year",B,rafael.parker2475@zdspgc.edu.ph
2026-002476,Carlos,Adams,Ross,BEED,"1st Year",B,carlos.ross2476@zdspgc.edu.ph
2026-002477,Manuel,White,Nichols,BSA,"1st Year",A,manuel.nichols2477@zdspgc.edu.ph
2026-002478,Diego,Collins,Carroll,BEED,"4th Year",C,diego.carroll2478@zdspgc.edu.ph
2026-002479,Valentina,Nelson,King,BSHM,"2nd Year",C1,valentina.king2479@zdspgc.edu.ph
2026-002480,Federico,Knight,Ross,BSED,"1st Year",C2,federico.ross2480@zdspgc.edu.ph
2026-002481,Antonio,Stevens,Lawrence,BSCrim,"1st Year",A,antonio.lawrence2481@zdspgc.edu.ph
2026-002482,Francisco,Harrison,Santos,BSHM,"1st Year",C1,francisco.santos2482@zdspgc.edu.ph
2026-002483,Clara,Walker,Perez,BSCrim,"1st Year",C2,clara.perez2483@zdspgc.edu.ph
2026-002484,Jorge,Morales,Mcdonald,BSBA,"1st Year",B,jorge.mcdonald2484@zdspgc.edu.ph
2026-002485,Gustavo,Stevens,Reed,BSHM,"1st Year",C2,gustavo.reed2485@zdspgc.edu.ph
2026-002486,Valentina,Cole,Cook,BSIT,"1st Year",B,valentina.cook2486@zdspgc.edu.ph
2026-002487,Antonio,Greene,Cook,BSCrim,"1st Year",C1,antonio.cook2487@zdspgc.edu.ph
2026-002488,Marco,Morris,Long,BSBA,"2nd Year",C1,marco.long2488@zdspgc.edu.ph
2026-002489,Daniela,Kelly,Thompson,BSIT,"1st Year",B,daniela.thompson2489@zdspgc.edu.ph
2026-002490,Antonio,Reyes,Reed,BSIT,"4th Year",C,antonio.reed2490@zdspgc.edu.ph
2026-002491,Gustavo,Tucker,Rice,BEED,"1st Year",C2,gustavo.rice2491@zdspgc.edu.ph
2026-002492,Antonio,Clark,Lawrence,BSBA,"3rd Year",B,antonio.lawrence2492@zdspgc.edu.ph
2026-002493,Carmen,Molina,Sims,BSHM,"1st Year",C1,carmen.sims2493@zdspgc.edu.ph
2026-002494,Javier,Reynolds,Gonzales,BSBA,"4th Year",C,javier.gonzales2494@zdspgc.edu.ph
2026-002495,Manuel,Cook,Ortiz,BSED,"4th Year",C2,manuel.ortiz2495@zdspgc.edu.ph
2026-002496,Juan,Nichols,Black,BSA,"1st Year",C,juan.black2496@zdspgc.edu.ph
2026-002497,Valentina,Anderson,Stevens,BSA,"4th Year",C,valentina.stevens2497@zdspgc.edu.ph
2026-002498,Hugo,Scott,Foster,BSBA,"4th Year",C1,hugo.foster2498@zdspgc.edu.ph
2026-002499,Camila,Vasquez,Rogers,BSHM,"4th Year",B,camila.rogers2499@zdspgc.edu.ph
2026-002500,Antonio,Carr,Rice,BSIT,"4th Year",A,antonio.rice2500@zdspgc.edu.ph
